Student Name,Student Email,Institution,Enrolment Date & Time,Enrolment Status,Google Cloud Skills Boost Profile URL,# of Courses Completed,# of Skill Badges Completed
Manan yadav,mananyadavgsb@gmail.com,Vellore Institute of Technology (VIT) - Chennai,Mon Nov 07 2022 17:46:29 GMT+0530 (India Standard Time),Wrong Google Cloud Skills Boost Public Profile URL,https://www.cloudskillsboost.google/public_profiles/363d4fd5-dd6T-46a4-ba75-3fd1d1e26e4d,0,0
Pratyush Mittal,pratyushmittal.2021@vitstudent.ac.in,Vellore Institute of Technology (VIT) - Chennai,Fri Nov 11 2022 09:32:23 GMT+0530 (India Standard Time),Wrong Google Cloud Skills Boost Public Profile URL,https://www.cloudskillsboost.google/public_profiles/93dd328d-bcfe-40db-badd-cd325547e1f3,0,0
Jagrat chopra,jagratchopra125@gmail.com,Vellore Institute of Technology (VIT) - Chennai,Fri Nov 11 2022 11:16:50 GMT+0530 (India Standard Time),Wrong Google Cloud Skills Boost Public Profile URL,jagratchopra125@gmail.com,0,0
Hemant jha ,hemant.jha2022@vitstudent.ac.in,Vellore Institute of Technology (VIT) - Chennai,Fri Nov 11 2022 12:56:53 GMT+0530 (India Standard Time),Wrong Google Cloud Skills Boost Public Profile URL,https://www.cloudskillsboost.google/public _profiles/94e99e94-931b-4748-9911-39e6e23988e5,0,0
Ritik nehra,ritiknehra07dz@gmail.com,Vellore Institute of Technology (VIT) - Chennai,Fri Nov 11 2022 22:13:11 GMT+0530 (India Standard Time),Wrong Google Cloud Skills Boost Public Profile URL,https://bit.ly/ql-public,0,0
Saadhikha Shree S,saadhikha1502@gmail.com,Vellore Institute of Technology (VIT) - Chennai,Mon Nov 07 2022 16:51:40 GMT+0530 (India Standard Time),All Good,https://www.cloudskillsboost.google/public_profiles/ac67d780-b30e-4cf4-9271-a50d977e39cc,0,0
Varun Vashisht,varunvashisht2002@gmail.com,Vellore Institute of Technology (VIT) - Chennai,Mon Nov 07 2022 16:55:01 GMT+0530 (India Standard Time),All Good,https://www.cloudskillsboost.google/public_profiles/8acd2734-45c3-4cb8-a78a-7a044d6428e6,0,0
Ashutosh Bandooni,abandooni123@gmail.com,Vellore Institute of Technology (VIT) - Chennai,Mon Nov 07 2022 16:56:56 GMT+0530 (India Standard Time),All Good,https://www.cloudskillsboost.google/public_profiles/078125d7-cd7b-4e63-9b53-bdaeeb386726,0,0
Gaurav Trivedi,gjtrivedi1099@gmail.com,Vellore Institute of Technology (VIT) - Chennai,Mon Nov 07 2022 16:59:38 GMT+0530 (India Standard Time),All Good,https://www.cloudskillsboost.google/public_profiles/7d9541f4-391a-4662-ba3f-3aa1a464203f,0,0
